{
    "parent": "minecraft:end/root",
    "criteria": {
      "killed_dragon": {
        "trigger": "minecraft:player_killed_entity",
        "conditions": {
          "entity": [
            {
              "condition": "minecraft:entity_properties",
              "entity": "this",
              "predicate": {
                "type": "minecraft:ender_dragon"
              }
            }
          ]
        }
      }
    },
    "requirements": [
      [
        "killed_dragon"
      ]
    ],
    "rewards": {
      "function": "ender_dragon:dragon/phase5"
    },
    "sends_telemetry_event": true
  }
  